人事、安川電機,https://www.nikkei.com/article/DGXZTSJC70301_W4A110C2000000/,16日 17:17
人事、河西工業,https://www.nikkei.com/article/DGXZTSJH70201_W4A110C2000000/,16日 16:49
人事、住友商事,https://www.nikkei.com/article/DGXZTSJQ70101_W4A110C2000000/,16日 14:17
人事、ヤオコー,https://www.nikkei.com/article/DGXZTSJR60401_V10C24A1000000/,15日 16:59
人事、ブリヂストン,https://www.nikkei.com/article/DGXZTSJA60601_V10C24A1000000/,15日 16:40
人事、日本製鉄,https://www.nikkei.com/article/DGXZTSJA60201_V10C24A1000000/,15日 14:32
人事、厚生労働省,https://www.nikkei.com/article/DGXZQOH1128CX0S4A110C2000000/,15日 0:00
人事、三井物産,https://www.nikkei.com/article/DGXZTSJQ30401_S4A110C2000000/,12日 17:46
人事、双日,https://www.nikkei.com/article/DGXZTSJQ30101_S4A110C2000000/,12日 17:21
人事、三菱商事,https://www.nikkei.com/article/DGXZTSJQ30201_S4A110C2000000/,12日 16:55
人事、サンゲツ,https://www.nikkei.com/article/DGXZTSJR30301_S4A110C2000000/,12日 15:42
人事、日本製鉄,https://www.nikkei.com/article/DGXZTSJA30301_S4A110C2000000/,12日 15:30
人事、ファミリーマート,https://www.nikkei.com/article/DGXZTSJR20201_R10C24A1000000/,11日 18:00
人事、小野薬品工業,https://www.nikkei.com/article/DGXZTSJJ20301_R10C24A1000000/,11日 16:05
人事、オンワードホールディングス,https://www.nikkei.com/article/DGXZTSJJ20101_R10C24A1000000/,11日 15:44
人事、キユーピー,https://www.nikkei.com/article/DGXZTSJM10601_Q4A110C2000000/,10日 17:13
人事、ニトリホールディングス,https://www.nikkei.com/article/DGXZTSJR10401_Q4A110C2000000/,10日 16:47
人事、ウシオ電機,https://www.nikkei.com/article/DGXZTSJC10301_Q4A110C2000000/,10日 16:46
人事、アサヒグループホールディングス,https://www.nikkei.com/article/DGXZTSJM10301_Q4A110C2000000/,10日 15:44
人事、日本たばこ産業,https://www.nikkei.com/article/DGXZTSJM10201_Q4A110C2000000/,10日 15:29
人事、エーザイ,https://www.nikkei.com/article/DGXZTSJJ10101_Q4A110C2000000/,10日 14:41
人事、DMG森精機,https://www.nikkei.com/article/DGXZTSJF10101_Q4A110C2000000/,10日 14:40
人事、日産自動車,https://www.nikkei.com/article/DGXZTSJH10101_Q4A110C2000000/,10日 14:02
人事、ヤオコー,https://www.nikkei.com/article/DGXZTSJR00401_Z00C24A1000000/,9日 17:11
人事、住友電気工業,https://www.nikkei.com/article/DGXZTSJD00301_Z00C24A1000000/,9日 15:52
人事、ジェイテクト,https://www.nikkei.com/article/DGXZTSJF00101_Z00C24A1000000/,9日 15:28
人事、SUBARU,https://www.nikkei.com/article/DGXZTSJH00201_Z00C24A1000000/,9日 14:05
人事、トラスコ中山,https://www.nikkei.com/article/DGXZTSJQ00101_Z00C24A1000000/,9日 14:02
人事、NOK,https://www.nikkei.com/article/DGXZTSJH00101_Z00C24A1000000/,9日 14:01
人事、花王,https://www.nikkei.com/article/DGXZTSJJ60201_V00C24A1000000/,5日 17:29
人事、ボッシュ,https://www.nikkei.com/article/DGXZTSJH60101_V00C24A1000000/,5日 16:17
人事、住友重機械工業,https://www.nikkei.com/article/DGXZTSJF60301_V00C24A1000000/,5日 16:14
人事、エステー,https://www.nikkei.com/article/DGXZTSJJ60301_V00C24A1000000/,5日 16:10
人事、住友理工,https://www.nikkei.com/article/DGXZTSJA60401_V00C24A1000000/,5日 15:56
人事、JUKI,https://www.nikkei.com/article/DGXZTSJF60101_V00C24A1000000/,5日 15:14
人事、ヤンマーホールディングス,https://www.nikkei.com/article/DGXZTSJF60501_V00C24A1000000/,5日 14:03
人事、ルックホールディングス,https://www.nikkei.com/article/DGXZTSJJ50601_U4A100C2000000/,4日 16:50
人事、大林組,https://www.nikkei.com/article/DGXZTSJP50701_U4A100C2000000/,4日 16:43
人事、TIS,https://www.nikkei.com/article/DGXZTSJD50801_U4A100C2000000/,4日 16:29
人事、SCSK,https://www.nikkei.com/article/DGXZTSJD50601_U4A100C2000000/,4日 15:08
人事、メディパルホールディングス,https://www.nikkei.com/article/DGXZTSJR50401_U4A100C2000000/,4日 15:07
人事、フジタ,https://www.nikkei.com/article/DGXZTSJP50601_U4A100C2000000/,4日 14:54
人事、パン・パシフィック・インターナショナルホールディングス,https://www.nikkei.com/article/DGXZTSJR50301_U4A100C2000000/,4日 14:39
人事、江崎グリコ,https://www.nikkei.com/article/DGXZTSJM50101_U4A100C2000000/,4日 14:04
人事、長瀬産業,https://www.nikkei.com/article/DGXZTSJQ50201_U4A100C2000000/,4日 14:03
人事、文部科学省,https://www.nikkei.com/article/DGXZQOH12823F0Y3A221C2000000/,1日 5:00
人事、コマツ,https://www.nikkei.com/article/DGXZTSJF90301_Y3A221C2000000/,28日 17:47
人事、佐川急便,https://www.nikkei.com/article/DGXZTSJJ90401_Y3A221C2000000/,28日 17:41
人事、SGホールディングス,https://www.nikkei.com/article/DGXZTSJJ90301_Y3A221C2000000/,28日 17:40
人事、IHI,https://www.nikkei.com/article/DGXZTSJF90101_Y3A221C2000000/,28日 17:40
人事、ソフトバンク,https://www.nikkei.com/article/DGXZTSJD90501_Y3A221C2000000/,28日 17:39
人事、マブチモーター,https://www.nikkei.com/article/DGXZTSJC90601_Y3A221C2000000/,28日 16:16
人事、東プレ,https://www.nikkei.com/article/DGXZTSJH90301_Y3A221C2000000/,28日 16:08
人事、オリックス,https://www.nikkei.com/article/DGXZTSJY90101_Y3A221C2000000/,28日 15:43
人事、ヤマハ発動機（2）,https://www.nikkei.com/article/DGXZTSJH90201_Y3A221C2000000/,28日 15:39
人事、ヤマハ発動機（1）,https://www.nikkei.com/article/DGXZTSJH90101_Y3A221C2000000/,28日 15:38
